21세기,"테킬라 블랑코 60ml, 카카오 화이트 23ml, 레몬즙 23ml, 아가베 시럽 1티스푼",쉐이킹,테킬라,
가리발디,"캄파리 45ml, 오렌지 주스 135ml",쉐이킹 or 블렌딩,캄파리,
갓더터,"보드카 60ml, 아마레또 30ml, 크림 30ml",빌드,보드카,
갓선,"스카치 위스키 60ml, 아마레또 30ml, 크림 30ml",빌드,위스키,
갓파더,"위스키 4, 아마레또 1 비율",빌드,위스키,
곤돌리에레,"스카치 위스키 60ml, 마라스키노 30ml",스터,위스키,
골드 러쉬,"버번 or 라이 or 블렌디드 위스키 60ml, 레몬즙 22.5ml, 꿀 22.5ml, 레몬 트위스트",쉐이킹,버번,
골든 데이즈,"피치트리 45ml, 진 15ml, 오렌지 주스 30ml ",쉐이킹,진,
골든 드림,"갈리아노 30ml, 트리플 섹 15ml, 오렌지 주스 15ml, 크림 15ml",쉐이킹,리큐르,
골든 드림2,"갈리아노 30ml, 트리플 섹 30ml, 오렌지 주스 30ml, 크림 15ml",쉐이킹,리큐르,
골든 마르가리따,"테킬라 40ml, 오렌지 큐라소 20ml, 레몬즙 10ml",쉐이킹 or 빌드,테킬라,
골든 캐딜락,"크렘 드 카카오 60ml, 갈리아노 22.5ml, 크림 30ml",쉐이킹,리큐르,
골든 피즈,"진 45ml, 레몬즙 22.5ml, 심플시럽 22.5ml, 계란 1개, 드라이 쉐이킹 후 쉐이킹, 탄산수 90ml",쉐이킹,진,
그랑블루,"피치트리 30ml, 블루 큐라소 15ml, 말리부 15ml, 사워믹스 60ml",쉐이킹,피치트리,
그래스호퍼,"민트 리큐르 30ml, 카카오 리큐르(화이트) 30ml, 우유 or 크림 30ml",쉐이킹(보스턴),민트 리큐르,
그레네이드,"진 52.5ml, 레몬즙 30ml, 쉐이킹 후 크러쉬드 아이스 가득, 그레나딘 시럽 22.5ml",쉐이킹,진,
그레이 하운드,"진or보드카 45ml, 자몽 주스 적당량, 소금 약간",빌드,진or보드카,
그린 위도우,"블루 큐라소 30ml, 오렌지 주스 45ml",빌드,리큐르,
그린 피치,"보드카 15ml, 멜론 리큐르 15ml, 피치 리큐르 22.5ml, 오렌지 주스 30ml, 사워믹스 30ml",블렌딩,피치 리큐르,
글래디에이터,"샷 글라스에 아마레또 15ml, 셔던 컴포트 15ml, 유리잔에 오렌지 주스 60ml, 레몬라임 소다 60ml, 샷 글라스를 유리잔에 퐁당!",빌드,리큐르,
글루미 바이올렛,"테킬라 30ml, 블루 큐라소 15ml, 드라이 베르뭇 15ml, 라임즙 15ml, 크렌베리 주스 30ml",쉐이킹(보스턴),테킬라,
길다,"블랑코 테킬라 60ml, 파인애플 주스 15ml, 라임즙 15ml, 계피시럽 15ml",쉐이킹,테킬라,
김렛,"드라이 진 45ml, 라임즙 15ml, 설탕시럽 7.5ml",쉐이킹,진,
깁슨,"드라이 진 45ml, 드라이 베르뭇 22ml, 가니쉬로 칵테일 어니언 2~3개 풍덩",스터,진,
깔루아밀크,"깔루아 30ml, 우유 120ml",빌드,깔루아,
깔바도스 칵테일,"애플 브랜디 60ml, 트리플 섹 15ml, 오렌지 주스 15ml, 레몬즙 15ml, 오렌지 비터 1대쉬",쉐이킹,애플 브랜디,
꿀벌의 키스,"화이트 럼 45ml, 헤비 휘핑 크림 or 라이트 크림 30ml, 꿀 2작은술, 가니쉬 잘게 갈린 육두구",쉐이킹,럼,
낙원,"드라이 진 30ml, 오렌지 주스 30ml, 살구 or 애프리콧 브랜디 30ml",쉐이킹,진,
네그로니,"캄파리 30ml, 베르뭇 로쏘 30ml, 진 30ml, 오렌지 or 레몬 껍질",스터,진,
네그로니 사워,"진 23ml, 캄파리 23ml, 스윗 베르뭇 23ml, 레몬즙 30ml, 시럽 15ml, 계란 흰자 1개",쉐이킹,진,
뇌출혈,"피치트리 2/3, 베일리스 1/3, 그레나딘 시럽 톡톡",플로팅,,
뉴 스쿨 진 데이지,"진 45ml, 레몬즙 15ml, 그레나딘 시럽 7.5ml, 심플시럽 7.5ml, 쉐이킹 후 탄산수 필업",쉐이킹,진,
뉴욕,"버번 위스키 60ml, 레몬즙 30ml, 설탕 1티스푼, 그레나딘 시럽 1/2 티스푼",쉐이킹,버번,
뉴욕2,"버번 위스키 45ml, 라임즙 15ml, 설탕 1티스푼, 그레나딘 시럽 1/2 티스푼",쉐이킹,버번,
니콜라시카,"브랜디 or 꼬냑 25ml, 레몬 슬라이스 1조각 위에 설탕 1덩어리, 레몬과 설탕을 털어먹고 원샷!",빌드,브랜디 or 꼬냑,
다이키리,"화이트 럼 45ml, 라임즙 30ml, 설탕시럽 15ml, 라임 슬라이스",쉐이킹,럼,
다이키리2,"화이트 럼 60ml, 라임즙 20ml, 설탕시럽 10ml",쉐이킹,럼,
다잉 바스타드,"브랜디 or꼬냑 15ml, 진 15ml, 버번 15ml, 라임즙 15ml, 비터 2대쉬, 쉐이킹 후 진저비어 필업",쉐이킹,혼합,
닥터 킬러,"론디아즈 15ml, 보드카 15ml, 진 15ml, 럼 15ml, 드람부이 15ml",빌드,혼합,
더 브로디,"테킬라 30ml, 체리 히링 23ml, 스윗 베르뭇 23ml",쉐이킹,테킬라,
더비,"버번 or 라이 위스키 30ml, 라임즙 22.5ml, 스윗 베르뭇 15ml, 오렌지 큐라소 15ml, 레몬 웻지",쉐이킹,위스키,
더비 피즈,"스카치 위스키 45ml, 오렌지 큐라소 1티스푼, 레몬즙 15ml, 설탕 1티스푼, 계란 1개, 쉐이킹 후 탄산수 필업",쉐이킹,위스키,
더스티 로즈,"체리 브랜디 30ml, 크렘 드 카카오 화이트 15ml, 휘핑 크림 or 크림 60ml, 가니쉬 체리",쉐이킹,리큐르,
더티 마더,"브랜디 40ml, 깔루아 20ml",빌드,브랜디,
테킬라 썬라이즈,"테킬라 45ml, 오렌지 주스 80%, 그레나딘 시럽 15ml",빌드,테킬라,
데드 바스타드,"브랜디 or 꼬냑 15ml, 진 15ml, 버번 15ml, 화이트 럼 15ml, 라임즙 15ml, 비터 2대쉬, 쉐이킹 후 진저비어 필업",쉐이킹,혼합,
데저트 힐러,"진 45ml, 체리 브랜디 15ml, 오렌지 주스 60ml, 쉐이킹 후 진저비어 60ml",쉐이킹,진,
데티니,"테킬라 75ml, 드라이 베르뭇 15ml, 비터 1대쉬",스터,테킬라,
도랄토,"테킬라 45ml, 레몬즙 15ml, 설탕 1/2티스푼, 비터 1대쉬, 토닉워터 120ml(쉐이킹 후)",쉐이킹,테킬라,
도쿄 아이스티,"보드카 15ml, 럼 15ml, 진 15ml, 테킬라 15ml, 트리플섹 15ml, 사워믹스 60ml, 멜론 리큐르 30ml, 사이다 필업",빌드,혼합,
도화,"피치트리 30ml, 트리플섹 20ml, 사워믹스 20ml 라임즙 10ml, 사과주스 45ml, 그레나딘 시럽 2티스푼, 사이다 풀업(쉐이킹 후)",쉐이킹,피치트리,
동해,"피치트리 30ml, 블루 큐라소 15ml, 사워믹스 45ml, 사과 주스 45ml",스터,리큐르,
동해2,"피치트리 30ml, 블루 큐라소 15ml, 사과 주스 60ml, 라임즙 15ml, 심플시럼 15ml, 사워믹스 60ml",쉐이킹,리큐르,
라 아구아,"말리부 15ml, 블루 큐라소 15ml, 베일리스 15ml",빌드,혼합,
라이 클럽,"라이 위스키 45ml, 오렌지 큐라소 30ml, 오렌지 비터 1대쉬",쉐이킹,위스키,
러브 엘릭서,"X레이티드 30ml, 보드카 15ml, 오렌지 주스 30ml, 파인애플 주스 30ml, 그레나딘 시럽 15ml",빌드 or 쉐이킹,X레이티드,
러스티 네일,"스카치 위스키 30ml, 드람부이 15ml",빌드,위스키,
런던 아이스티,"화이트 럼 22.5ml, 드라이 진 22.5ml, 디사론노 15ml, 설탕 시럽 60ml, 레몬즙 22.5ml, 쉐이킹 후 콜라 90ml",쉐이킹,혼합,
럼 콕,"화이트 럼 45ml, 코카콜라 풀업",빌드,럼,
럼 플립,"숙성 or 다크 럼 60ml, 계란 1개, 심플 시럽 7.5ml, 드라이 쉐이킹 후 쉐이킹, 가니쉬 육두구",쉐이킹,럼,
레드 아이,"맥주 90ml, 토마토 주스 90ml",빌드,맥주,
레드 애플,"보드카 30ml, 사과 주스 30ml, 그레나딘 시럽 1티스푼",쉐이킹,보드카,
레몬 드랍,"보드카 30ml, 레몬즙 30ml, 트리플 섹 or 심플시럽 15ml, 레몬 슬라이스 1조각",쉐이킹,보드카,
레이디 백,"진 30ml, 애플 보드카 30ml, 파인애플 주스 60ml, 쉐이킹 후 탄산수 30ml",쉐이킹,혼합,
레이먼드 매쉬,"라이 or 버번 or 블렌디드 위스키 60ml, 생강 시럽 15ml, 쉐이킹 후 스파클링 와인 150ml",쉐이킹,위스키,
로시타,"테킬라 45ml, 캄파리 15ml, 드라이 베르뭇 15ml, 스윗 베르뭇 15ml, 비터 1대쉬",빌드,테킬라,
로얄 하와이안,"진 45ml, 파인애플 주스 30ml, 레몬즙 15ml, 오르쟈 시럽 15ml",쉐이킹,진,
로켓 퓨얼,"보드카 20ml, 151 20ml, 진 20ml, 트리플섹 20ml, 오렌지 주스 20ml, 스터 후 다크 럼 20ml(쌓아준다는 느낌)",빌드,혼합,
롭 로이,"스카치 위스키 45ml, 스윗 베르뭇 23ml, 비터 1대쉬, 체리 1조각",스터,위스키,
롱 비치 아이스티,"럼 15ml, 진 15ml, 보드카 15ml, 테킬라 15ml, 트리플섹 15ml, 라임즙 15ml, 사워믹스 60ml 크렌베리 주스 필업(쉐이킹 후)",쉐이킹,혼합,
롱 아일랜드 아이스티,"보드카 30ml, 진 30ml, 럼 30ml, 테킬라 30ml, 트리플섹 30ml, 사워믹스 60ml, 코카콜라 풀업, 오렌지 웨지",빌드,혼합,
롱 아일랜드 아이스티2,"럼 15ml, 진 15ml, 보드카 15ml, 테킬라 15ml, 트리플섹 15ml, 라임즙 15ml, 사워믹스 60ml, 콜라 적당히",쉐이킹 or 빌드,혼합,
루돌프 콜린스,"진 45ml, 슬로 진 22.5ml, 레몬즙 22.5ml, 계피시럽 15ml, 쉐이킹 후 탄산수 필업",쉐이킹,진,
루시안-가우딘,"진 30ml, 캄파리 15ml, 트리플 섹 15ml, 드라이 베르뭇 15ml, 레몬 트위스트",스터,진,
리버스 맨해튼,"스윗 베르뭇 60ml, 라이 or 버번 or 블렌디드 위스키 30ml, 앙고스투라 비터 2대쉬, 가니쉬 레몬 트위스트, 체리",스터,위스키,
리볼버,"버번 위스키 60ml, 커피 리큐르 15ml, 오렌지 비터 2대쉬, 오렌지 껍질 가니쉬",스터,위스키,
리치 콜린스,"진 30ml, 콰이페 30ml, 레몬즙 반개, 시럽 15ml, 탄산수 필업(쉐이킹 후)",쉐이킹,진,
립 이어,"진 60ml, 스윗 베르뭇 15ml, 그랑 마르니에 15ml, 레몬즙 8ml",쉐이킹,진,
마드라스,"보드카 45ml, 오렌지 주스 60ml, 크렌베리 주스 60ml, 오렌지 웨지",빌드,보드카,
마르가리따,"테킬라 45ml, 트리플섹 15ml, 라임즙 15ml, 잔에 소금 리밍, 라임 슬라이스 1조각",쉐이킹,테킬라,
마미 테일러,"레몬 or 라임즙 22.5ml, 스카치 위스키 60ml, 진저에일 or 진저비어 90ml, 오렌지 비터 2대쉬, 가니쉬 레몬 웻지",빌드,위스키,
마블 퀸,"테킬라 45ml, 코코넛 믹스 30ml, 라임즙 15ml",쉐이킹,테킬라,
마이타이,"말리부 30ml, 트리플섹 15ml, 파인애플 주스 60ml, 오렌지 주스 30ml, 레몬즙 15ml, 라임즙 15ml, 그레나딘 시럽 15ml",쉐이킹,말리부,
마크 트웨인,"스카치 위스키 45ml, 레몬즙 23ml, 시럽 15ml, 비터 2대쉬",쉐이킹,위스키,
마타도르(투우사),"테킬라 30ml, 파인애플 주스 60ml, 라임즙 15ml, 파인애플 조각, 체리 조각",쉐이킹,테킬라,
마티니,"진 60ml, 드라이 베르뭇 15ml, 취향에 따라 잘섞이게 스터, 칵테일 올리브 1개",스터,진,
맨해튼,"버번 위스키 60ml, 베르뭇 로쏘 20ml, 비터 3대쉬, 체리 1조각, 레몬 오일",스터,버번,
맨해튼2,"버번 위스키 45ml, 스윗 베르뭇 23ml, 비터 1대쉬",스터,버번,
머드 슬라이스,"깔루아 30ml, 베일리스 20ml, 보드카 20ml, 크림 30ml, 블렌딩 후 초콜릿 시럽 뿌려주기",블렌딩 or 쉐이킹,혼합,
메트로폴리탄,"브랜디 or 꼬냑 60ml, 스윗베르뭇 30ml, 심플시럽 0.5티스푼, 앙고스투라 비터 2대쉬",쉐이킹,꼬냑 or 브랜디,
멕시칸 선셋,"아마레또 30ml, 피치 슈냅스 30ml, 실버테킬라 90ml, 파인애플 주스 180ml, 쉐이킹 후 그레나딘 시럽 15ml, 가니쉬로 라임, 체리",쉐이킹,테킬라,
멕시콜라,"테킬라 45ml, 코카콜라 풀업, 라임즙 15ml",빌드,테킬라,
멜론 쿨러,"멜론 리큐르 30ml, 피치 리큐르 15ml, 파인애플 주스 60ml, 탄산수 필업",빌드,멜론 리큐르,
멜론 패치,"보드카 60ml, 멜론 리큐르 30ml, 트리플섹 15ml, 쉐이킹 후 탄산수 120ml, 가니쉬 레몬껍질",쉐이킹,보드카,
멜론볼,"보드카 30ml, 멜론 리큐르 60ml, 오렌지 주스 적당량",쉐이킹,혼합,
모스코 뮬,"보드카 45ml, 라임즙 15ml, 진저비어 110ml",빌드,보드카,
모킹 버드,"페페로페즈(테킬라) 30ml, 민트 리큐르 15ml, 라임즙 15ml",쉐이킹,테킬라,mariana_senine
몽키 사인,"화이트 럼 45ml, 말리부 15ml, 파인애플 60ml, 라임즙 10ml",쉐이킹,럼,
미도리 볼,"멜론 리큐르 30ml, 사워믹스 15ml, 오렌지 주스 80%, 레몬 슬라이스, 체리 1조각",빌드,멜론 리큐르,
미도리 사워,"멜론 리큐르 45ml, 레몬즙 30ml, 설탕 2티스푼",쉐이킹,멜론 리큐르,
미도리 사워2,"멜론 리큐르 45ml, 레몬즙 30ml, 사이다 80%, 레몬 슬라이스",빌드,멜론 리큐르,
미도리 일루젼,"보드카 15ml, 트리플섹 15ml, 멜론 리큐르 60ml, 레몬즙 30ml, 파인애플 주스 30ml",쉐이킹,멜론 리큐르,amateur_bartender_9x
미친듯한 미도리사워,"멜론 리큐르 30ml, 진 30ml, 레몬즙 22.5ml, 라임농축액 15ml, 계란흰자 1개, 드라이 쉐이킹 후 쉐이킹, 오렌지 필",쉐이킹,혼합,
민들레,"릴레블랑 45ml, 베네딕틴 15ml, 압생트 5ml, 가니쉬 레몬필",스터,리큐르,칵테일 갤러리 morph
민주당 원,"버번 or 라이 or 블렌디드 위스키 60ml, 피치트리 15ml, 레몬즙 22.5ml, 꿀 15ml 빌드",빌드,위스키,
민트 라떼,"커피 리큐르 30ml, 크렘 드 민트 화이트 30ml, 우유 60%(하아볼 글라스 기준)",쉐이킹,리큐르,칵테일 갤러리 수학빌런
민트 크림 마티니,"민트 리큐르 30ml, 베일리스 30ml, 보드카 30ml, 우유 30~60ml",쉐이킹,민트 리큐르,
밀크 펀치,"우유 45ml, 꼬냑 or 브랜디 30ml, 다크 럼 30ml, 심플시럽 22.5ml, 가니쉬 육두구",쉐이킹,혼합,
바나나 보트,"진 45ml, 바나나 리큐르 30ml, 오렌지 주스 90ml, 쉐이킹 후 그레나딘 시럽 3~4방울, 바나나 조각 2~3개, 오렌지 조각 1개",쉐이킹,바나나 리큐르,amateur_bartender_9x
바나나 블리스,"꼬냑 or 브랜디 30ml, 스윗 or 드라이 셰리 22.5ml, 바나나 리큐르 7.5ml",스터,꼬냑 or 브랜디,
바나나 크림,"바나나 리큐르 15ml, 카카오 리큐르 15ml, 베일리스 15ml, 크림 15ml",쉐이킹,바나나 리큐르,
바니 마더,"보드카 45ml, 오렌지 주스 30ml, 레몬즙 30ml, 심플시럽 2티스푼, 그레나딘 시럽 7.5ml 쉐이킹 후 트리플 섹 7.5ml 플로팅, 가니쉬 빨대",쉐이킹,보드카,
바니 마더2,"보드카 45ml, 오렌지 주스 30ml, 레몬즙 30ml, 심플시럽 2티스푼, 그레나딘 시럽 7.5ml, 트리플 섹 7.5ml",쉐이킹,보드카,
바비 번즈,"스카치 위스키 60ml, 스윗 베르뭇 23ml, 베네딕틴 15ml",스터,위스키,
바카디,"화이트 럼 45ml, 라임즙 20ml, 그레나딘 시럽 10ml",쉐이킹,럼,
밴시,"바나나 리큐르 45ml, 크림 or 우유 30ml, 크렘 드 카카오 15ml",쉐이킹,리큐르,
발레 러스,"보드카 40ml, 카시스 15ml, 칼린스 90ml(향이 첨가된 탄산수)",빌드,보드카,
발렌시아,"애프리콧 or 디사론노 45ml, 오렌지 주스 60ml, 비터 2대쉬",쉐이킹,디사론노,
백만달러,"진 45ml, 스윗 베르뭇 22.5ml, 파인애플 주스 60ml, 그레나딘 시럽 1티스푼, 계란흰자 1개",쉐이킹,진,
뱀부,"드라이 셰리 60ml, 드라이 베르뭇 30ml, 오렌지 비터 2대쉬",스터,와인,
뱀파이어 키스,"멜론 리큐르 15ml, 크림 37.5ml, 보드카 22.5ml, 파인애플 주스 75ml, 쉐이킹 후 그레나딘 시럽을 뿌려주고, 그 위에 드리즐해준다.",쉐이킹,혼합,amateur_bartender_9x
버뮤다 헌드레드,"진 30ml, 캄파리 23ml, 라임즙 15ml, 파인애플 주스 45ml, 오르쟈 15ml",쉐이킹,진,
버번 리뉴얼,"버번 위스키 60ml, 레몬즙 30ml, 카시스 15ml, 심플시럽 15ml, 앙고스투라 비터 1대쉬, 가니쉬 레몬 웻지",쉐이킹,버번,
버번 리프트,"버번 위스키 45ml, 오르쟈 시럽 15ml, 헤비 휘핑 크림 15ml, 커피 리큐르 15ml, 쉐이킹 후 탄산수 90ml",쉐이킹,버번,
버번 토닉,"버번 위스키 60ml, 탄산수 60ml, 앙고스투라 비터 2~3대쉬",빌드,버번,
버블 껌 보이 샷,"바나나 리큐르 15ml, 블루 큐라소 15ml, 베일리스 15ml",플로팅,,
버진 키스,"다크 럼 40ml, 갈리아노 10ml, 애프리콧 브랜디 10ml, 레몬즙 15ml, 파인애플 주스 30ml",쉐이킹,럼,
베넷,"진 60ml, 라임즙 30ml, 심플시럽 15ml, 앙고스투라 비터 1대쉬",쉐이킹,진,
베이 브리즈,"화이트 럼 60ml, 크렌베리 주스 45ml, 파인애플 주스 45ml",빌드,럼,
베일리스 캔디케인,"베일리스 30ml, 카카오 리큐르 30ml, 민트 리큐르 15ml",쉐이킹,혼합,
벨리니 사워,"벨리니 100ml, 보드카 30ml, 레몬 or 라임 슬라이스",쉐이킹,와인,
벨벳 해머,"트리플 섹 30ml, 크렘 드 카카오 화이트 30ml, 그레나딘 시럽 1티스푼, 크림 30ml",쉐이킹,리큐르,
보드카 썬라이즈,"보드카 45ml, 오렌지 주스 140ml, 그레나딘 시럽 1티스푼",빌드,보드카,
보드카피즈,"보드카 45ml, 설탕 2티스푼, 레몬즙 20ml, 탄산수 풀업, 레몬 슬라이스",쉐이킹,보드카,
보스턴 티파티,"럼 15ml, 진 15ml, 보드카 15ml, 테킬라 15ml, 트리플섹 15ml, 라임즙 15ml, 사워믹스 60ml, 깔루아 15ml(쉐이킹 후)",쉐이킹,혼합,
보체 볼,"보드카 60ml, 아마레또 30ml, 오렌지 주스 120ml",빌드,보드카,
보치 볼,"아마레또 30ml, 오렌지 주스 30ml, 탄산수 45ml",빌드,아마레또,
볼레로,"다크 럼 30ml, 브랜디 or 꼬냑 30ml, 오렌지 주스 15ml, 라임즙 30ml, 심플 시럽 15ml",쉐이킹,혼합,
봄보,"럼 60ml, 계피 or 흑설탕 or 생강 시럽 1작은술, 물 30ml, 가니쉬 갈린 육두구",빌드,럼,
불독 하이볼,"드라이 진 45ml, 오렌지 주스 15ml, 진저에일 풀업",빌드,진,
불루 사파이어2,"피치트리 30ml, 말리부 15ml, 블루 큐라소 15ml, 라임즙 15ml, 사이다 풀업(쉐이킹 후)",쉐이킹 or 빌드,피치트리,
불바디에,"캄파리 30ml, 베르뭇 로쏘 30ml, 버번 위스키 30ml, 레몬 오일",빌드,버번,
뷰모트,"진 45ml, 생제르맹 23ml, 레몬즙 23ml, 시럽 8ml",쉐이킹,진,
브라운 다이아몬드,"다크 럼 30ml, 스윗 셰리 와인 22.5ml, 진저비어 필업",빌드,럼,
브람블,"진 45ml, 레몬즙 22.5ml, 심플시럽 15ml, 쉐이킹 후 카시스 22.5ml",쉐이킹,진,
브랑코 버스터,"애플 브랜디 30ml, 라이 or 버번 위스키 30ml, 레몬즙 22.5ml, 오렌지 큐라소 22.5ml, 심플시럽 약간(선택), 레몬 트위스트",쉐이킹,혼합,
브랜디 소다,"브랜디 60ml, 탄산수 120ml",빌드,브랜디,
브랜디 플립,"브랜디 45ml, 설탕 1티수푼, 라이트 크림 2티스푼, 계란 1개, 가니쉬로 너트맥 가루",쉐이킹,브랜디,
브레이브 불,"테킬라 40ml, 깔루아 20ml",빌드,테킬라,
브롱스,"진 60ml, 스윗 베르뭇 7.5ml, 드라이 베르뭇 7.5ml, 오렌지 주스 30ml, 오렌지 비터 2대쉬, 오렌지 웻지 or 트위스트 or 체리",쉐이킹,진,
블랙 러시안,"깔루아 30ml, 보드카 45ml",빌드,깔루아,
블랙 벨벳,"스파클링 화이트 와인 120ml, 스타우트 30ml",빌드,와인,
블랙 앤 탄,"에일 맥주 240ml, 스타우트 맥주 240ml",빌드,맥주,
블랙 호크,"버번 위스키 37.5ml, 슬로 진 37.5ml, 레몬즙 30ml",쉐이킹,혼합,
블랙메탈,"다크 럼 30ml, 버번위스키 15ml, 깔루아 30ml",빌드,다크 럼,
블랙잭,"꼬냑 or 브랜디 45ml, 체리 브랜디 15ml, 아이스커피 15ml, 심플시럽 7.5ml, 가니쉬 체리 3개",쉐이킹,꼬냑 or 브랜디,
블랙홀,"피치트리 30ml, 카시스 15ml, 깔루아 15ml, 사워믹스 60ml, 쉐이킹 후 사이다 적당히",쉐이킹,리큐르,
블러드 앤 샌드,"스카치 위스키 30ml, 스윗 베르뭇 30ml, 체리 브랜디 30ml, 오렌지 주스 30ml",쉐이킹,위스키,
블러디 메리,"보드카 30ml, 토마토 주스 90ml, [소금, 후추, 우스터소스 등등](선택사항)",빌드,보드카,
블루 라군,"보드카 40ml, 블루 큐라소 15ml, 레몬즙 20ml, 사이다 풀업",빌드,블루 큐라소,
블루 라군2,"보드카 30ml, 블루 큐라소 30ml, 레몬즙 30ml",쉐이킹,혼합,
블루 마르가리따,"테킬라 45ml, 블루 큐라소 15ml, 라임즙 30ml, 잔에 설탕 리밍",쉐이킹,테킬라,
블루 먼데이,"보드카 45ml, 트리플섹 30ml, 블루 큐라소 15ml, 레몬 웻지",쉐이킹,블루 큐라소,
블루 문,"진 45ml, 블루 큐라소 15ml, 설탕시럽 15ml(또는 2티스푼), 레몬즙 30ml, 파인애플 주스90ml(쉐이킹 후)",쉐이킹,진,
블루 문2,"진 30ml, 파르페 아무르 15ml, 레몬즙 15ml",쉐이킹,진,
블루 사파이어,"말리부 15ml, 블루 큐라소 15ml, 피치트리 15ml, 레몬즙 15ml, 라임즙 15ml, 사이다 풀업(쉐이킹 후), 체리 1조각, 레몬 슬라이스",쉐이킹,블루 큐라소,
블루 스카이,"피치트리 15ml, 보드카 15ml, 블루 큐라소 10ml, 베일리스 톡톡",플로팅,블루 큐라소,
블루 트레인,"진 45ml, 블루 큐라소 30ml, 레몬즙 15ml",쉐이킹,진,
블루 판타지,"콰이페 30ml, 블루 큐라소 15ml, 피치트리 15ml, 사워믹스 60ml",쉐이킹,콰이페,
블루 하와이안,"화이트 럼 40ml, 파인애플 주스 100ml, 블루 큐라소 20ml, 말리부 40ml",쉐이킹(보스턴),럼,
블루 하와이안2,"화이트 럼 20ml, 보드카 20ml, 블루 큐라소 15ml, 파인애플 주스 90ml, 사워믹스 30ml",쉐이킹,블루 큐라소,
블루스타,"블루 큐라소 30ml, 피치트리 30ml, 파인애플 주스 60ml, 사과 주스 60ml",쉐이킹,블루 큐라소,
비너스,"애프리콧 브랜디 30ml, 갈리아노 15ml, 사워믹스 30ml, 심플시럽 15ml, 오렌지 주스 90ml",쉐이킹,리큐르,
비즈니스,"진 60ml, 레몬즙 23ml, 꿀 23ml",쉐이킹,진,
비키니 마티니,"진 30ml, 블루 큐라소 30ml, 피치트리 7.5ml, 레몬즙 7.5ml, 물 22.5ml(선택사항)",쉐이킹,진,
비터 스피릿츠,"캄파리 60ml, 스파클링 화이트 와인 60ml, 탄산수 30ml",빌드,혼합,
비트윈 더 시츠,"화이트 럼 20ml, 트리플섹 20ml, 꼬냑 20ml, 레몬즙 3~5ml",쉐이킹,혼합,
비트윈 더 시츠2,"브랜디 30ml, 럼 30ml, 코앵트로 30ml, 레몬즙 1개",쉐이킹,혼합,
사우스 비치,"캄파리 30ml, 아마레또 30ml, 오렌지 주스 120~150ml",빌드,리큐르,
사이드카,"브랜디 45ml, 레몬 1/2조각(약 15ml), 코앵트로 15ml",쉐이킹,브랜디,
사이드카2,"브랜디 30ml, 코앵트로 15ml, 사워믹스 15ml",쉐이킹,브랜디,
사이드카3,"브랜디 30ml, 코앵트로 30ml, 레몬즙 8ml",쉐이킹,브랜디,
사이드카4,"브랜디 30ml, 코앵트로 20ml, 레몬즙 20ml",쉐이킹,브랜디,
산사태,"보드카 60ml, 커피 리큐르 30ml, 베일리스 30ml, 초콜릿 소스 취향껏",쉐이킹,보드카,
산의 맛,"봄베이 1샷, 크렘 드 민트 1샷, 앙고스투라 비터 4대쉬, 얼음이 담긴 하이볼 글라스에 스터 후 솔의 눈 풀업, 민트 잎 1~2장",스터 + 빌드,봄베이,주류갤러리 수학빌런
상디,"진저에일 or 진저비어 or 사이다 50%, 라거 맥주 50%",빌드,맥주,
샌디 카페,"맥주 90ml, 진저에일 90ml",빌드,맥주,
서퍼링 바스타드,"브랜디 or 꼬냑 30ml, 진 30ml, 라임즙 15ml, 앙고스투라 비터 2대쉬, 쉐이킹 후 진저에일 필업",쉐이킹,혼합,
섹스 온 더 아일랜드,"말리부 15ml, 카시스 15ml, 피치트리 15ml, 멜론 리큐르 15ml, 크렌베리 주스 60ml, 오렌지 주스 60ml, 레몬 웻지",쉐이킹,혼합,
섹스온더비치,"보드카 45ml, 피치트리 15ml, 크렌베리 주스 60ml, 오렌지 주스 60ml",빌드 or 쉐이킹,보드카,
섹스온더비치2,"보드카 30ml, 카시스 15ml, 멜론 리큐르 15ml, 파인애플 주스 30ml, 그레나딘 시럽 1/4 티스푼",쉐이킹,보드카,
섹스온더비치3,"보드카 30ml, 카시스 20ml, 피치 슈냅스 20ml, 파인애플 주스 45ml, 크렌베리 주스 45ml",쉐이킹,보드카,
섹시 넘버원,"꼬냑 37.5ml, 코앵트로 15ml, 피치 리큐르 15ml, 그레나딘 시럽 15ml, 사워믹스 45ml",쉐이킹,꼬냑,
섹시 마일드,"블루 큐라소 15ml, 사워믹스 30ml, 피냐콜라다 믹스 30ml, 우유 30ml",쉐이킹,블루 큐라소,
소녀의 기도,"진 45ml, 코앵트로 15ml. 레몬즙 15ml, 오렌지주스 15ml",스터,진,
소녀의 기도2,"진 30ml, 트리플 섹 30ml, 레몬즙 15ml, 오렌지 주스 15ml, 비터 1대쉬",쉐이킹,진,
솔티 치와와,"소금 리밍, 블랑코 테킬라 60ml, 자몽주스 90ml, ",빌드,테킬라,
솔티독,"보드카 30ml, 자몽주스 120ml",빌드,보드카,
스카이 다이빙,"화이트 럼 30ml, 블루 큐라소 15ml, 라임즙 15ml",쉐이킹,럼,
스카이 라이트 피즈,"바이올렛 30ml, 레몬즙 15ml, 크림 or 우유 1티스푼, 설탕 2티스푼, 쉐이킹 후 탄산수 필업",쉐이킹,바이올렛,
스카이 라이트 피즈2,"진 40ml, 레몬즙 20ml, 생크림 20ml, 시럽 1티스푼, 탄산수 필업(쉐이킹 후)",쉐이킹,진,
스콜피온,"럼 45ml, 브랜디 20ml, 오렌지 주스 60ml, 레몬즙 15ml, 라임즙 15ml",쉐이킹,럼,
스크류드라이버,"보드카 45ml, 오렌지 주스 140ml, 오렌지 슬라이스",빌드,보드카,
스타더스트,"보드카 45ml, 피치트리 15ml, 블루 큐라소 15ml, 레몬즙 22.5ml, 파인애플 주스 22.5ml, 쉐이킹 후 그레나딘 시럽 22.5ml",쉐이킹,보드카,
스트로 핫,"테킬라 45ml, 토마토 주스 90ml",빌드,테킬라,
스팅거,"브랜디 45ml, 민트 리큐르 15ml",빌드 or 쉐이킹,브랜디,
스푸모니,"캄파리 20ml, 자몽 주스 30ml, 토닉워터 적당량, 자몽 1조각",빌드,캄파리,
슬로 진 하이볼,"슬로 진 75ml, 레몬즙 30ml, 심플시럽 15ml, 쉐이킹 후 탄산수 필업",쉐이킹,진,
슬로진 사워,"슬로진 30ml, 레몬즙 15ml, 설탕 1티스푼, 쉐이킹 후 탄산수 필업",쉐이킹,진,
시티 리키,"진 45ml, 트리플 섹 30ml, 크렌베리 주스 45ml, 라임즙 15ml, 쉐이킹 후 탄산수 필업",쉐이킹,진,
실버 라이닝,"라이 or 버번 or 블렌디드 위스키 45ml, 바닐라 리큐르 22.5ml, 레몬즙 22.5ml, 계란 흰자 1개, 쉐이킹 후 탄산수 60ml",쉐이킹,위스키,
실버 캐딜락,"크렘 드 카카오 60ml, 화이트 삼부카 22.5ml, 크림 30ml",쉐이킹,리큐르,
싱가폴 슬링,"드라이 진 45ml, 레몬즙 15ml, 설탕 1티스푼, 쉐이킹 후 클럽소다 필업, 체리 브랜디 15ml 띄워주기",쉐이킹,진,
싱커,"스카치 위스키 60ml, 파인애플 주스 30ml, 레몬즙 15ml, 생강 시럽 15ml, 가니쉬 파인애플 조각, 생강",쉐이킹,위스키,
썬 번,"테킬라 40ml, 트리플 섹 30ml, 크렌베리 주스 90ml",빌드,테킬라,
썬샤인,"파인애플 주스 60ml, 오렌지 주스 30ml, 레몬즙 15ml, 그레나딘 시럽 15ml",빌드,논 알코올,
썬플라워 하이볼,"보드카 45ml, 바닐라 리큐르 30ml, 오렌지 주스 120ml",빌드,보드카,
씨 브리즈,"보드카 30ml, 자몽 주스 30ml, 라임즙 15ml, 크렌베리 주스 적당량",빌드,보드카,
씨 브리즈2,"보드카 40ml, 크렌베리 주스 100ml, 자몽 주스 40ml, 라임 웨지",쉐이킹,보드카,
아가보니,"테킬라 23ml, 캄파리 23ml, 스윗 베르뭇 23ml, 오렌지 비터스 2대쉬",스터,테킬라,
아도니스,"드라이 셰리 60ml, 스윗 베르뭇 30ml, 오렌지 비터 2대쉬",스터,와인,
아디오스 마더 퍼커,"럼 15ml, 진 15ml, 보드카 15ml, 테킬라 15ml, 블루 큐라소 15ml, 라임즙 15ml, 사워믹스 60ml, 사이다 필업(쉐이킹 후)",쉐이킹 or 빌드,혼합,
아마레또 사워,"아마레또 45ml, 버번 위스키 22.5ml, 레몬즙 30ml, 계란 흰자 1개, 심플시럽 1티스푼, 드라이쉐이킹 후 쉐이킹",쉐이킹,아마레또,
아마레또 오렌지,"레몬즙 15ml, 오렌지 주스 60ml, 아마레또 30ml",빌드,아마레또,
아메리카노,"캄파리 30ml, 스윗 베르뭇 30ml, 탄산수 필업",빌드,캄파리,
아메리칸 뷰티,"브랜디 15ml, 드라이 베르뭇 15ml, 오렌지 주스 15ml, 그레나딘 시럽 15ml, 민트 화이트 1대쉬, 쉐이킹 후 포트 와인 살짝 따라주기",쉐이킹,혼합,
아몬드 브라더,"블랑코 테킬라 60ml, 아마레또 7.5ml, 애프리콧 브랜디 1티스푼, 라임즙 22.5ml, 오르쟈 시럽 7.5ml, 메이플 시럽 7.5ml",쉐이킹,테킬라,
아미&네이비,"진 60ml, 레몬즙 15ml, 오르쟈 시럽13ml, 앙고스투라 1대쉬",쉐이킹,진,
아스토르 마티니,"보드카 or 진 60ml, 캄파리 15ml, 자몽 주스 30ml",쉐이킹,보드카 or 진,
아우로라,"카카오 화이트 45ml, 우유 45ml, 블루큐라소 15ml, 디사론노 30ml",쉐이킹,카카오 화이트,아카라이브 라스트오리진 채널
아이 위시,"보드카 15ml, 멜론 리큐르 15ml, 말리부 22.5ml, 바나나 22.5ml, 사워믹스 45ml, 우유 22.5ml, 그레나딘 시럽 15ml",쉐이킹,말리부,
아이리쉬 마티니,"아이리쉬 위스키 45ml, 에스프레소 30ml, 커피 리큐르 15ml, 심플시럽 7.5ml",쉐이킹,위스키,칵테일 갤러리 morph
아이리쉬 카밤,"기네스 7부, 샷글라스에 베일리스 절반, 아이리쉬 위스키 약간 플로팅, 그리고 기네스에 풍덩! 원샷!",빌드,,
아이리쉬 캑터스,"테킬라 30ml, 베일리스 30ml",빌드,테킬라,
아이리쉬 커피,"제임슨 30ml, 에스프레소 1잔, 설탕 2티스푼, 뜨거운물(취향껏), 휘핑 or 일반크림",빌드,제임슨,
아이스 브레이커,"테킬라 30ml, 자몽주스 30ml, 트리플섹 10ml, 그레나딘 시럽 1티스푼",쉐이킹,테킬라,
아이스 브레이커2,"테킬라 60ml, 코앵트로 1대쉬, 그레나딘 시럽 1대쉬, 자몽 주스 60ml",쉐이킹,테킬라,
아일랜드 골드,"아이리쉬 위스키 60ml, 복숭아 리큐르 15ml, 오렌지 주스 15~30ml, 진저비어 or 진저에일 120ml",빌드,위스키,
아쿠아마린,"보드카 30ml, 피치트리 20ml, 블루 큐라소 5ml, 사과 주스 120ml",쉐이킹,보드카,
아페롤 사워,"진 45ml, 캄파리 15ml, 레몬즙 22.5ml, 심플시럽 15ml",쉐이킹,진,
안개 절단기,"럼 45ml, 브랜디 or 꼬냑 15ml, 진 15ml, 오렌지 주스 60ml, 레몬즙 15ml, 오르쟈 시럽 15ml, 쉐이킹 후 스윗 셰리 와인 살짝 플로팅",쉐이킹,혼합,
알라바마 교도소,"보드카 30ml, 슬로진 22.5ml, 셔던 컴포트 30ml, 오렌지 주스 120ml, 그레나딘 시럽 약간",빌드,혼합,
알래스카 아이스티,"진 15ml, 럼 15ml, 보드카 15ml, 블루 큐라소 15ml, 레몬즙 15ml, 라임즙 15ml, 사이다 필업",빌드,혼합,
알렉산더,"브랜디 30ml, 카카오 리큐르 30ml, 크림 30ml",쉐이킹,브랜디,
애프리콧 레이디,"화이트 럼 30ml, 애프리콧 브랜디 30ml, 계란 흰자 1개, 라임즙 15ml, 오렌지 큐라소 7.5ml, 드라이 쉐이킹 후 쉐이킹",쉐이킹,럼,
애프리콧 사워,"애프리콧 브랜디 60ml, 레몬즙 30ml, 심플 시럽 1티스푼",쉐이킹,애프리콧 브랜디,
애프리콧 플립,"꼬냑 60ml, 애프리콧 브랜디 30ml, 심플 시럽 15ml, 계란 1개, 드라이 쉐이킹 후, 쉐이킹",쉐이킹,꼬냑,
애프리콧 피즈,"애프리콧 브랜디 75ml, 레몬즙 22.5ml, 쉐이킹 후 탄산수 필업",쉐이킹,애프리콧 브랜디,
애플 마티니,"보드카 30ml, 애플퍼커 30ml, 라임즙 15ml",쉐이킹,애플퍼커,
애플 마티니2,"보드카 45ml, 애플퍼커 15ml, 코앵트로 15ml",쉐이킹,애플퍼커,
애플 사이드카,"보드카 45ml, 애플 브랜디 15ml, 레몬즙 30ml, 심플시럽 15ml, 오렌지 주스 15ml",쉐이킹,보드카,
애플 소스,"버번 or 라이 or 블렌디드 위스키 60ml, 메이플 시럽 22.5ml, 레몬즙 22.5ml, 쉐이킹 후 사이다 필업, 계피가루 1꼬집, 시나몬 스틱",쉐이킹,버번,
애플 잭 레빗,"애플 잭 60ml, 레몬즙 22.5ml, 오렌지 주스 22.5ml, 메이플 시럽 15ml",쉐이킹,애플 브랜디,
애플 크런치,"애플퍼커 30ml, 말리부 30ml, 트리플섹 10ml, 크렌베리 주스 45ml, 파인애플 주스 45ml, 스프라이트 30ml(쉐이킹 후)",쉐이킹,애플퍼커,
어라운드 더 월드,"진 30ml, 민트 리큐르 30ml, 파인애플 주스 30ml, 레몬 웻지",쉐이킹,진,
어퍼니티,"스카치 위스키 30ml, 스윗 베르뭇 30ml, 드라이 베르뭇 30ml, 비터 2대쉬",스터,위스키,
업 투 데이트,"드라이 or 스윗 셰리 45ml, 라이 or 버번 위스키 45ml, 오렌지 큐라소 15ml, 앙고스투라 비터 2대쉬",스터,혼합,
에그 사워,"브랜디 or 꼬냑 30ml, 오렌지 큐라소 30ml, 계란 1개, 심플시럽 2티스푼, 레몬즙 3대쉬",쉐이킹,꼬냑 or 브랜디,
에르난데스,"바닐라 리큐르 45ml, 스윗 베르뭇 30ml, 앙고스투라 비터 2대쉬, 가니쉬 체리",쉐이킹,리큐르,
에메랄드,"아이리쉬 위스키 60ml, 스윗 베르뭇 30ml, 오렌지 비터 2대쉬, 앙고스투라 비터 1대쉬",스터,위스키,
에메랄드 시티,"말리부 30ml, 멜론 리큐르 15ml, 블루 큐라소 15ml, 레몬즙 15ml, 라임즙 15ml, 사이다 필업(쉐이킹 후), 레몬 슬라이스",쉐이킹,말리부,
에메랄드 쿨러,"진 30ml, 민트 리큐르 15ml, 레몬즙 15ml, 시럽 1티스푼, 탄산수 필업(쉐이킹 후)",쉐이킹,진,
에이화츠,"다크 럼 60ml, 트리플섹 15ml, 라임즙 30ml, 오르쟈 15ml, 시럽 8ml",쉐이킹,다크 럼,
엘 도라도,"애프리콧 브랜드 30ml, 블루 큐라소 15ml, 사과 주스 45ml, 심플시럽 15ml, 사워믹스 15ml 쉐이킹 후 사이다 적당히",쉐이킹,리큐르,
엘 디아블로,"테킬라 45ml, 카시스 15ml, 라임즙 15ml, 진저에일 필업(쉐이킹 후)",쉐이킹,테킬라,
엘 프레지덴테,"화이트 럼 30ml, 드라이 베르뭇 15ml, 코앵트로 15ml, 그레나딘 시럽 1대쉬",쉐이킹,럼,
엘 프레지덴테2,"그레나딘 시럽 1바스푼, 드라이 베르뭇 30ml, 큐라소 리큐르20~25ml, 화이트 럼 60ml, 약 15초간 스터 후 칵테일 글라스에 담아준다",빌드,럼,
옐로우 빌드,"화이트 럼 40ml, 바나나 리큐르 15ml, 갈리아노 15ml, 오렌지 주스 40ml, 파인애플 주스 40ml",블렌딩 or 쉐이킹,럼,
옐로우 해머,"보드카 15ml, 럼 15ml, 아마레또 15ml, 오렌지 주스 30ml, 파인애플 주스 60ml, 오렌지 슬라이스",빌드,혼합,
오 헨리,"버번 위스키 60ml, 베네딕틴 30ml, 진저에일 필업(쉐이킹 후)",쉐이킹,버번,
오렌지 봉봉,"보드카 30ml, 크렘 드 카카오 화이트 30ml, 오렌지 주스 30ml, 오렌지 큐라소 15ml, 크러쉬드 아이스 1~2스쿱(블렌딩), 오렌지 조각 1개",블렌딩 or 쉐이킹,혼합,
오렌지 블라썸,"드라이진 45ml, 오렌지 주스 90ml, 오렌지 1조각",빌드,진,
오렌지 피즈,"진 45ml, 오렌지 주스 30ml, 레몬즙 15ml, 심플시럽 10ml, 쉐이킹 후 탄산수 풀업",쉐이킹,진,
오르가즘,"깔루아 30ml, 아마레또 30ml, 베일리스 30ml, 체리 1조각",쉐이킹,혼합,
옥보단,"피치트리 20ml, 말리부 20ml, 사워믹스 20ml, 라임즙 10ml, 오렌지 주스 30ml, 그레나딘 시럽 1티스푼(쉐이킹 후)",쉐이킹,피치트리,
올드패션드,"설탕 1티스푼, 비터 4대쉬, 탄산수 10ml를 넣고 스터해준다. 그 위에 버번 위스키 45ml를 넣고 스터, 그 후 큰 얼음을 넣고 30초간 스터",스터,버번,
올드패션드2,"각설탕 1개, 탄산수 15ml, 버번 위스키 45ml, 비터 1대쉬",스터,버번,
올림픽,"브랜디 25ml, 오렌지 큐라소 10ml, 오렌지 주스 10ml",쉐이킹,브랜디,
올림픽2,"브랜디 30ml, 트리플 섹 30ml, 오렌지 주스 30ml",쉐이킹,브랜디,
왱왱,"브랜디, 럼, 테킬라, 보드카, 버번, 스카치 23ml씩, 오렌지 60ml, 파인애플 60ml, 그레나딘 시럽 약간",빌드,혼합,
우우(Woo Woo),"피치트리 15ml, 보드카 30ml, 크렌베리 주스 필업",빌드,보드카,
워싱턴 애플,"버번 위스키 30ml, 애플퍼커 30ml, 크렌베리 30ml",쉐이킹,버번,
웨어울프,"스카치 위스키 30ml, 드람부이 15ml",쉐이킹,위스키,
위스키 리키,"위스키 60ml, 라임즙 15ml, 탄산수 120ml",빌드,위스키,
위스키 사워,"위스키 60ml, 레몬즙 23ml, 시럽 15ml, 계란 흰자 1개",쉐이킹,위스키,
이탈리안75,"진 22.5ml, 레몬라임 소다 3부, 스파클링 화이트 와인 3부, 가니쉬 레몬 트위스트",빌드,혼합,
자라나,"테킬라 45ml, 파인애플 주스 120ml, 설탕 시럽 2티스푼",빌드,테킬라,
자메이카 10단,"화이트 럼 or 보드카 30ml, 멜론 리큐르 22.5ml, 바나나 리큐르 7.5ml, 말리부 7.5ml, 크림 15ml",쉐이킹,혼합,
자키 클럽,"진 60ml, 아마레또 22.5ml, 레몬즙 22.5ml, 앙고스투라 비터 2대쉬",쉐이킹,진,
재패니스,"꼬냑 or 브랜디 60ml, 애프리콧 브랜디 15ml, 앙고스투라 비터 3대쉬",스터,꼬냑 or 브랜디,
재패니즈 슬리퍼,"체리 1조각, 멜론 리큐르 30ml, 트리플 섹 or 보드카 30ml, 레몬즙 30ml",쉐이킹,혼합,
잭 로즈,"애플 잭 45ml, 라임즙 15ml, 그레나딘 시럽 7ml",쉐이킹,브랜디,
잭 인 더 박스,"애플 잭 45ml, 파인애플 주스 45ml, 앙고스투라 비터 2대쉬",쉐이킹,브랜디,
쟈스민,"진 45ml, 레몬즙 22.5ml, 코앵트로 7.5ml, 캄파리 7.5ml, 가니쉬로 레몬껍질",쉐이킹,진,
저글링 쥬스,"화이트 럼 30ml, 바나나 리큐르 15ml, 레몬즙 15ml, 설탕 시럽 2티스푼",쉐이킹,럼,
정글 버드,"다크 럼 45ml, 캄파리 23ml, 시럽 15ml, 파인애플 주스 45ml, 라임즙15ml",쉐이킹,다크 럼,
정복자,"숙성 럼주 30ml, 테킬라 블랑코 30ml, 심플시럽 15ml, 레몬즙 15ml, 라임즙 15ml, 오렌지 비터 2대쉬, 계란 흰자 1개, 드라이 쉐이킹 후 쉐이킹",쉐이킹,럼,
제이크 반스,"애플 브랜디 45ml, 레몬즙 15ml, 파인애플 주스 15ml, 그레나딘 시럽 15ml, 앙고스투라 비터 1대쉬",쉐이킹,애플 브랜디,
조 리키,"버번 위스키 60ml, 라임 1/2개(즙과 라임 다 넣는다), 탄산수 필업",빌드,위스키,
조세핀 베이커,"심플시럽 2티스푼, 계란 1개, 포트와인 45ml를 드라이 쉐이킹 후 꼬냑 or 브랜디 45ml, 애프리콧 브랜디 45ml를 쉐이킹, 레몬필",쉐이킹,꼬냑 or 브랜디,
존 콜린스,"위스키 60ml, 레몬즙 20ml, 설탕 1티스푼, 쉐이킹 후 탄산수 적당량, 레몬 슬라이스, 체리 1조각",쉐이킹,위스키,
좀비,"다크 럼 30ml, 화이트 럼 15ml, 골드럼 15ml, 파인애플 주스 60ml, 오렌지 주스 30ml, 라임즙 15ml, 그레나딘 1티스푼(쉐이킹 후)",쉐이킹,다크 럼,
주도,"피치트리 30ml, 블루 큐라소 15ml, 레몬즙 15ml, 라임즙 30ml, 사과 주스 45ml, 설탕 시럽 2대쉬",쉐이킹,리큐르,
준 벅,"멜론 리큐르 30ml, 말리부 15ml, 바나나 리큐르 15ml, 파인애플 주스 60ml, 사워믹스 60ml",쉐이킹,멜론 리큐르,
준장,"버번 or 라이 위스키 45ml, 크렘 드 카카오 15ml, 레몬즙 15ml, 그레나딘 시럽 1바스푼",쉐이킹,위스키,
줄리엣,"카시스 30ml, 피치트리 15ml, 보드카 15ml, 그레나딘 시럽 15ml, 사워믹스 30ml, 사과주스 30ml, 크러쉬드 아이스 1스쿱",블렌딩,카시스,
진 리키,"진 60ml, 라임 1/2개(즙과 라임 다 넣는다), 탄산수 필업",빌드,진,
진 벅,"드라이진 45ml, 레몬즙 20ml, 진저 에일 90ml",빌드,진,
진 벅2,"레몬 웻지 1조각, 진 60ml, 진저에일 90ml",빌드,진,
진 소닉,"진 45ml, 탄산수 50ml, 토닉워터 50ml",빌드,진,
진 슬링,"진 45ml, 스윗 베르뭇 30ml, 레몬즙 22.5ml, 심플시럽 30ml, 앙고스투라 비터 1대쉬, 쉐이킹 후 탄산수 90ml",쉐이킹,진,
진-진 하이볼,"진 45ml, 진저 에일 150ml, 앙고스투라 비터 2대쉬, 가니쉬 레몬 트위스트",빌드,진,
진토닉,"진 30~60ml, 토닉워터 필업, 레몬즙 약간, 레몬 슬라이스 1조각",빌드,진,
차이나블루,"리치 리큐르 30ml, 자몽 주스 45ml, 토닉워터 풀업, 블루 큐라소 7.5ml",빌드,피치 리큐르,
차이니즈,"다크 럼 45ml, 그레나딘 시럽 23ml, 마라스키노 3대쉬, 코앵트로 3대쉬, 비터 1대쉬",쉐이킹,다크 럼,
찰리 채플린,"애프리콧 브랜디 30ml, 슬로 진 30ml, 라임즙 30ml",쉐이킹,혼합,
처칠,"스카치 위스키 45ml, 스윗 베르뭇 15ml, 코앵트로 15ml, 라임즙 15ml",쉐이킹,위스키,
천사의 눈물,"피치트리 30ml, 사워믹스 90ml, 화이트 럼 15ml, 그레나딘 시럽 15ml(쉐이킹 전 or 후)",쉐이킹,피치트리,
천진난만한 소녀,"꼬냑 or 브랜디 60ml, 스윗 베르뭇 30ml, 계피시럽 1티스푼",스터,꼬냑 or 브랜디,
첫사랑,"커피 리밍, 진 22ml, 깔루아 22ml, 아마레또 1티스푼, 우유 22ml",쉐이킹,진,
체리 럼 콕,"럼 30ml, 체리 브랜디 15ml, 콜라 필업",빌드,럼,
체리 럼 피즈,"럼 30ml, 체리 브랜디 15ml, 그레나딘 시럽 1티스푼, 카시스 10ml, 레몬즙 2티스푼, 크렌베리 주스 30ml, 쉐이킹 후 탄산수 20ml",쉐이킹,럼,
체리 블라썸,"브랜디 or 꼬냑 30ml, 체리 브랜디 30ml, 트리플 섹 15ml, 레몬즙 15ml",쉐이킹,브랜디,
치치,"보드카 30ml, 말리부 45ml, 파인애플 주스 80ml, 파인애플 웻지, 체리 조각",쉐이킹 or 블렌딩,보드카,
카나발,"파인애플 100g, 딸기 2개, 오르쟈 시럽 15ml, 라임즙 20ml, 카샤사 럼 45~50ml, 크러쉬드 아이스 2스쿱",블렌딩,럼,
카리 오카,"숙성 럼주 45ml, 커피 리큐르 15ml, 크림 15ml, 달걀 노른자 1개, 드라이 쉐이킹 후 쉐이킹",쉐이킹,럼,
카리 오카 하와이안,"화이트 or 파인애플 럼 45ml, 파인애플 주스 30ml, 라임즙 15ml, 심플시럽 1티스푼, 앙고스투라 비터 1대쉬",쉐이킹,럼,
카리부 루,"151 45ml, 말리부 30ml, 파인애플 주스 120ml",쉐이킹,오버프루프 럼,
카메론스 킥,"스카치 위스키 30ml, 아이리쉬 위스키 30ml, 레몬즙 22.5ml, 오르쟈 시럽 22.5ml, 레몬 트위스트",쉐이킹,위스키,
카미카제,"보드카 30ml, 트리플섹 15ml, 라임즙 15ml, 레몬 웻지",쉐이킹,보드카,
카사 진저 민트 팔로마,"테킬라 60ml, 자몽주스 45ml, 라임즙 30ml, 시럽 15ml",쉐이킹,테킬라,
카시스 밀크,카시스 1 : 우유 3,빌드,카시스,
카시스 소다,"카시스 60ml, 레몬즙 10ml, 탄산수 필업",빌드,카시스,
카시스 오렌지,"카시스 60ml, 오렌지 주스 필업",빌드,카시스,
카시스 프라페,"카시스 20~22ml, 피치트리 15ml, 말리부 15ml, 오렌지 주스 30ml, 사워믹스 30ml ",쉐이킹,카시스,
카우보이,"버번 위스키 30~45ml, 우유 취향껏",빌드,위스키,
카이칸 피즈,"진 45ml, 우유 30ml, 레몬즙 15ml, 시럽 1티스푼, 탄산수 필업(쉐이킹 후)",쉐이킹,진,
카이피로스카,"보드카 45ml, 다진 라임 1/6개, 설탕시럽 10ml, 탄산수 필업(쉐이킹 후)",쉐이킹,보드카,
카카오 피즈,"카카오 리큐르 45ml, 라임즙 15ml, 설탕 1~2티스푼, 탄산수 필업(쉐이킹 후)",쉐이킹,카카오 리큐르,
카타르시스,"151 15ml, 깔루아 15ml, 아마레또 22.5ml",빌드,오버프루프 럼,
카페 로얄,"뜨거운 커피 1컵, 티스푼 위에 각설탕 1개, 각설탕 위에 브랜디를 소량 붓고 불붙이기(조명을 꺼주면 분위기 굳)",빌드,,
칸타리토,"블랑코 테킬라 45ml, 오렌지 주스 37.5ml, 자몽 주스 22.5ml, 라임즙 22.5ml, 자몽 소다 120ml, 소금 한꼬집",빌드,테킬라,
칸타리토스,"소금 리밍, 테킬라 45ml, 라임즙 15ml, 레몬즙 15ml, 오렌지 주스 15ml, 자몽소다 120ml, 오렌지 1조각",빌드,테킬라,
칼리모초,"올드패션드 글라스, 레드 와인 30ml, 콜라 풀업, 가니쉬 레몬웻지",빌드,,
캔틴 마티니,"화이트 럼 45ml, 셔던 컴포트 45ml, 아마레또 15ml, 라임즙 15ml",쉐이킹,혼합,
캥거루,"보드카 50ml, 드라이 베르뭇 22.5ml, 오렌지 비터 2대쉬, 레몬 트위스트",스터,보드카,
케이블카,"설탕+계피가루 리밍, 시나몬 1대쉬, 스파이스드 럼 45ml, 오렌지 큐라소 22.5ml, 레몬즙 30ml, 심플시럽 15ml",쉐이킹,럼,
케이프코더,"보드카 45ml, 크렌베리 주스 140ml, 라임 슬라이스",빌드,보드카,
켄터키 벅,"버번 위스키 60ml, 레몬즙 22.5ml, 심플시럽 or 생강시럽 22.5ml, 비터 2대쉬, 쉐이킹 후 탄산수 or 진저에일 필업, 가니쉬 레몬웻지, 딸기 1조각",쉐이킹,버번,
코스모 폴리탄,"보드카 40ml, 크렌베리 주스 20ml, 라임즙 5ml, 트리플섹 5ml",쉐이킹,보드카,
코스모 폴리탄2,"보드카 30ml, 코앵트로 15ml, 라임즙 15ml, 크렌베리 주스 15ml",쉐이킹,보드카,
코코 로코,"럼 30ml, 보드카 30ml, 테킬라 30ml, 코코넛 워터 120ml, 코코넛 크림 240ml, 라임즙 45ml",쉐이킹,혼합,amateur_bartender_9x
코코넛 다이키리,"화이트 럼 60ml, 라임즙 30ml, 코코넛 밀크 30ml, 얼음 1/2스쿱",블렌딩,럼,amateur_bartender_9x
콜로라도 불독,"보드카 30ml, 커피 리큐르 30ml, 콜라 필업, 휘핑크림 30ml, 가니쉬 체리",빌드 or 쉐이킹,보드카,
쿠바 리브레,"화이트 럼 45ml, 라임즙 10ml, 코카콜라 풀업",빌드,럼,
퀸즈,"진 30ml, 드라이 베르뭇 15ml, 스윗 베르뭇 15ml, 파인애플 주스 15ml, 레몬 웻지",쉐이킹,진,
크레인 킥,"일본 위스키 60ml, 말리부 2티스푼, 스카치 위스키 1티스푼, 오렌지 주스 30ml, 레몬즙 15ml, 오르쟈 시럽 15ml, 앙고스투라 비터 1대쉬",쉐이킹,위스키,
크렌베리 네그로니,"진 30ml, 드라이 베르뭇 30ml, 캄파리 30ml, 크렌베리 주스 30ml, 가니쉬로 레몬껍질",쉐이킹,혼합,
크림 케이크,"베일리스 30ml, 아마레또 30ml, 피치 리큐르 30ml, 싱글 크림 30ml",쉐이킹,리큐르,
크림슨 크레인,"버번 or 라이 or 블렌디드 위스키 50ml, 크렘 드 카카오 15ml, 크렌베리 주스 22.5ml, 앙고스투라 비터 1대쉬, 오렌지 비터 1대쉬",스터,위스키,
클래식,"설탕 리밍(선택), 브랜디 or 꼬냑 45ml, 오렌지 큐라소 15ml, 마라스키노 15ml, 레몬즙 15ml",쉐이킹,브랜디 or 꼬냑,
클로버 클럽,"진 60ml, 레몬즙 30ml, 계란흰자 1개, 그레나딘 시럽 15ml",쉐이킹,진,
키르 로얄,"샴페인 120ml, 카시스 20ml",빌드,샴페인,
키스 오브 파이어,"보드카 30ml, 진 15ml, 드라이 베르뭇 15ml, 레몬즙 15ml, 슈가 리밍",쉐이킹,보드카,
키스 인 더 다크,"진 30ml, 드라이 베르뭇 30ml. 체리 브랜디 30ml",스터,진,
킬(kir),"백포도주 120ml, 카시스 20ml",빌드,와인,
킬러펀치,"보드카 45ml, 멜론 리큐르 15ml, 디사론노 15ml, 라임즙 10ml, 크렌베리 주스 적당량",스터,보드카,
킹스톤 네그로니,"다크 럼 30ml, 스윗 베르뭇 30ml, 캄파리 30ml",스터,다크 럼,
탄산 피스톤 슬링거,"오버프루프 럼 60ml, 슬로 진 22.5ml, 라임즙 22.5ml, 쉐이킹 후 탄산수 30ml",쉐이킹,오버프루프 럼,
탐 콜린스,"진(올드 톰) 60ml, 레몬즙 15ml, 설탕 1티스푼, 탄산수 풀업(쉐이킹 후)",쉐이킹,진,
탑 바나나,"럼 30ml, 바나나 리큐르 30ml, 파인애플 주스 120ml, 코코넛 밀크 30ml, 오렌지 주스 30ml, 가니쉬로 체리, 오렌지 조각",쉐이킹,바나나 리큐르,amateur_bartender_9x
탱고,"드라이 진 30ml, 트리플 섹 15ml, 드라이 베르뭇 15ml, 스윗 베르뭇 15ml, 오렌지 주스 15ml",쉐이킹,진,
턱시도,"진 60ml, 드라이 셰리 30ml, 오렌지 비터 2대쉬",스터,진,
테슬라,"테라 3, 참이슬 1",빌드,테라,
텍사스 아이스티,"럼 15ml, 진 15ml, 보드카 15ml, 테킬라 15ml, 트리플섹 15ml, 버번 위스키 15ml, 사워믹스 30ml, 코카콜라 풀업(쉐이킹 후)",쉐이킹,혼합,
텍사스 티키,"보드카 45ml, 레몬즙 15ml, 파인애플 주스 30ml, 블루 큐라소 22.5ml, 허니시럽 15ml, 아마레또 22.5ml",쉐이킹,보드카,
투 헤븐,"슈가리밍, 말리부 15ml, 피치트리 15ml, 블루 큐라소 15ml, 라임즙 15ml, 설탕시럽 15ml",쉐이킹,혼합,
트로피컬 머메이드,"밀리부 30ml, 바나나 리큐르15ml, 파인애플 주스 60ml, 라임즙 7.5ml, 약간의 스터 후 블루 큐라소 7.5ml",스터 + 빌드,럼,amateur_bartender_9x
트로피컬 썬라이즈,"얼음가득, 그레나딘 시럽 15ml, 오렌지 주스 120ml, [보드카 30ml, 멜론 리큐르 30ml 쉐이킹]",빌드 + 쉐이킹,혼합,amateur_bartender_9x
트로피컬 파라다이스,"럼 15ml, 말리부 30ml, 바나나 리큐르 30ml, 크렌베리 주스 60ml, 파인애플 주스 60ml, 우산 가니쉬, 체리 1~2조각",빌드,럼,amateur_bartender_9x
트리클,"다크 럼 60ml, 시럽 8ml, 앙고스투라 비터 2대쉬, 사과주스 15ml",스터,다크 럼,
트리클 넘버원,"오버프루프 럼 30ml, 시럽 7.5ml, 앙고스투라 비터 2대쉬, 취향껏 스터 후 오버프루프 럼 30ml, 취향껏 스터 후 사과주스 15ml 플로팅",스터,오버프루프 럼,
트웰브(12),"피치트리 30ml, 트리플섹 20ml, 사워믹스 20ml, 라임즙 10ml, 사과주스 45ml, 그레나딘 시럽 2티스푼(쉐이킹 후)",쉐이킹,피치트리,
티라미수,"계란 노른자 1개, 디사론노 20ml, 오르쟈 시럽 20ml, 에스프레소 1잔, 보드카 60ml, 카카오가루 2티스푼, 크림 or 치즈 거품(쉐이킹 후)",쉐이킹,보드카,
티라미수 마티니,"커피 리큐르 30ml, 아마레또 30ml, 초콜릿 리큐르30ml, 생크림(쉐이킹 후)",쉐이킹,혼합,
티키 에스프레소 마티니,"말리부 30ml, 콜드브루 커피 30ml, 에스프레소 10ml, 아마레또 15ml",쉐이킹,말리부,amateur_bartender_9x
파나쉬,"맥주 90ml, 탄산수 90ml",빌드,맥주,
파라다이스,"블루 큐라소 15ml, 물 30ml, 말리부 60ml, 파인애플 주스 120ml, 그레나딘 시럽 30ml, 순서대로!",플로팅,혼합,
파라다이스2,"그레나딘 시럽 15ml, 크러쉬드 아이스 가득, 말리부 30ml + 파인애플 주스 60+ (혼합), 물 30ml + 블루 큐라소 7.5ml",플로팅,럼,
파르마 네그로니,"드라이진 30ml, 캄파리 30ml, 자몽주스 30ml, 설탕시럽 15ml, 앙고스투라 비터 2대쉬",쉐이킹,혼합,
파리지앵,"진 30ml, 드라이 베르뭇 15ml, 카시스 15ml",스터,진,
파우스트,"151 30ml, 화이트 럼 or 말리부 30ml, 카시스 15ml",빌드,오버프루프 럼,
파우스트2,"화이트 럼 45ml, 카시스 15ml, 말리부 15ml",빌드,럼,
파우스트3,"151 30ml, 말리부 30ml, 카시스 30ml",빌드,오버프루프 럼,
파인애플 피즈,"화이트 럼 45ml, 골드 럼 15ml, 파인애플 주스 37.5ml, 시럽 10ml, 앙고스투라 비터 2대쉬, 쉐이킹 후 탄산수 필업",쉐이킹,럼,
파파 도블레,"화이트 럼 60ml, 마라스키노 15ml, 라임즙 22.5ml, 자몽 주스 15ml, 가니쉬 라임 or 자몽 조각, 체리",쉐이킹,럼,
파파스머프,"말리부 30ml, 보드카 30ml, 블루 큐라소 15ml, 사워믹스 30ml, 라임즙 15ml, 사이다 풀업(쉐이킹 후)",쉐이킹 or 빌드,보드카,
퍼지 네이블,"피치트리 45ml, 오렌지 주스 120ml, 오렌지 웨지",빌드 or 쉐이킹,피치트리,
페인 킬러,"화이트 럼 40ml, 파인애플 주스 90m, 오렌지 주스 30ml, 말리부 40ml",쉐이킹,럼,
페퍼민트 스틱,"크렘 드 카카오 화이트 45ml, 크림 30ml, 크렘 드 민트 화이트 30ml",쉐이킹,리큐르,
폴라 숏컷,"다크 럼 15ml, 코앵트로 15ml, 체리 브랜디 15ml, 드라이 베르뭇 15ml",스터,혼합,
푸스 카페,"그레나딘 시럽 1/5, 깔루아 1/5, 크렘 드 민트 그린 1/5, 갈리아노 1/5, 블루 큐라소 1/5 순서대로 플로팅",플로팅,리큐르,
프라이드,"진 45ml, 말리부 15ml, 그레나딘 시럽 15ml, 오렌지 주스 45ml, 사워믹스 45ml",쉐이킹,진,
프랑스 맨해튼,"꼬냑 or 브랜디 45ml, 스윗 베르뭇 45ml, 오렌지 큐라소 7.5ml, 오렌지 비터 1~2대쉬",스터,꼬냑 or 브랜디,
프레디 푸드 퍼커,"블랑코 테킬라 60ml, 오렌지 주스 90ml, 갈리아노 or 삼부카 15ml",빌드,테킬라,
프렌치 75,"드라이 진 45ml, 레몬즙 22ml, 설탕시럽 15ml, 쉐이킹 후 샴페인 필업",쉐이킹,진,
프렌치 키스,"화이트 럼 15ml, 피치트리 15ml, 말리부 15ml, 그레나딘 시럽 15ml, 사워믹스 45ml, 크렌베리 주스 45ml",쉐이킹,럼,
프렌치 키스2,"X레이티드 30ml, 보드카 30ml, 사워믹스 30ml",쉐이킹,X레이티드,
플라밍고,"화이트 럼 60ml, 라임즙 22.5ml, 쉐이킹 후 자몽 소다 90ml",쉐이킹,럼,
피냐 콜라다,"화이트 럼 40ml, 파인애플 주스 120ml, 말리부 or 코코넛 밀크 30ml, 설탕 2티스푼",쉐이킹,럼,
피냐 콜라다2,"파인애플 100g, 설탕 2대쉬, 화이트 럼 40ml, 골드or다크 럼 20ml, 말리부 25ml, 레몬즙 약간, 코코넛 밀크 20~25ml",블렌딩,럼,
피치 코코,"피치트리 30ml, 말리부 30ml, 크렌베리 주스 60ml, 오렌지 주스 60ml",쉐이킹,피치트리,
피치 크러쉬,"피치트리 45ml, 레몬즙 15ml, 사워믹스 30ml, 크렌베리 주스 60ml ",쉐이킹,피치트리,
피치 크러쉬2,"피치트리 30ml, 사워믹스 60ml, 크렌베리 주스 60ml, 체리 2조각, 레몬 슬라이스",빌드,피치트리,
필리버스터,"라이 or 버번 위스키 60ml, 레몬즙 22.5ml, 메이플 시럽 15ml, 계란 흰자 1개, 비터 3대쉬, 드라이 쉐이킹 후 쉐이킹",쉐이킹,위스키,
핑크 레이디,"진 45ml, 그레나딘 시럽 23ml, 달걀 흰자 1개",쉐이킹,진,
핑크 레이디2,"드라이 진 30ml, 그레나딘 시럽 1티스푼, 우유 60ml",쉐이킹,진,
핑크-A-콜라다,"말리부 60ml, 코코넛 워터 60ml, 파인애플 주스 45ml, 크렌베리 주스 90ml",쉐이킹,럼,
핑퐁,"진 30ml, 파르페 30ml, 레몬즙 15ml",쉐이킹,진,
하바나 비치,"화이트 럼 30ml, 파인애플 주스 30ml, 시럽 15ml, 레몬즙 반개, 진저에일 필업(블렌딩 후)",블렌딩,럼,
하베스트 문,"애플 브랜디 45ml, 라임 or 레몬즙 15ml, 오르쟈 시럽 15ml",쉐이킹,애플 브랜디,
하베스트 사워,"라이 위스키 30ml, 애플 브랜디 30ml, 레몬즙 22.5ml, 심플시럽 22.5ml, 계란 흰자 1개, 드라이 쉐이킹 후 쉐이킹, 가니쉬 계피가루 한꼬집",쉐이킹,혼합,
하비 월뱅어,"보드카 60ml, 오렌지 주스 90ml, 갈리아노 15ml",빌드,보드카,
하와이안 보드카,"보드카 60 or 90ml, 오렌지 주스 30ml, 레몬즙 30ml, 파인애플 주스 30ml, 그레나딘 시럽 1티스푼",쉐이킹,보드카,
하와이안 선셋,"보드카 45ml, 오르쟈 시럽 15ml, 레몬즙 15ml, 라임즙 15ml, 그레나딘 시럽 1티스푼, 라임웻지",쉐이킹,보드카,
하와이안 펀치,"셔던 컴포트 30ml, 아마레또 15ml, 보드카 15ml, 그레나딘 시럽 20ml, 오렌지 주스 45ml, 파인애플 주스 45ml, 사워믹스 30ml",쉐이킹,혼합,
하이랜더,"스카치 위스키 60ml, 베네딕틴 15ml, 비터 1대쉬",스터,위스키,
하이랜드 쿨러,"스카치 위스키 30ml, 레몬즙 15ml, 비터 2대쉬, 설탕 1티스푼, 진저에일 120ml(쉐이킹 후)",쉐이킹,위스키,
핫 그로그,"골드or다크 럼 45ml, 설탕 1~2티스푼, 뜨거운 물 적당량",빌드,다크 럼,
핫 위스키 토디,"위스키 45ml, 설탕 약간, 뜨거운 물 필업, 레몬 슬라이스 1조각, 시나몬 스틱 1개",빌드,위스키,
허니문,"애플 브랜디 30ml, 베네딕틴 30ml, 트리플 섹 1티스푼, 레몬즙 15ml",쉐이킹,혼합,
허리케인,"화이트 럼 30ml, 다크 럼 30ml, 오렌지 주스 15ml, 파인애플 주스 10ml, 레몬즙 15ml, 쉐이킹 후 그레나딘 시럽 취향껏",쉐이킹,럼,
허리케인2,"럼 30ml, 레몬즙 10ml, 그레나딘 시럽 15ml, 파인애플 주스 필업",빌드,럼,
헌터,"위스키 45ml, 체리 히링 15ml, 오렌지 필, 체리 1조각",스터,위스키,
헤이지 제인,"보드카 45ml, 오르쟈 시럽 30ml, 레몬즙 15ml, 요거트 15ml, 가니쉬 오이 슬라이스",쉐이킹,보드카,
혼슈 펀치,"일본 위스키 60ml, 레몬즙 22.5ml, 파인애플 주스 15ml, 심플시럽 15ml, 앙고스투라 비터 4대쉬, 쉐이킹 후 탄산수 약간",쉐이킹,위스키,
홀리워터,"화이트 럼 30ml, 블루 큐라소 30ml, 레몬즙 15ml, 사이다 풀업, 레몬 슬라이스",빌드,럼,
홀스 페더,"버번 or 라이 or 블렌디드 위스키 45ml, 진저비어 120ml, 앙고스투라 비터 4대쉬, 레몬웻지 1조각",빌드,위스키,
홀스넥,"브랜디 or 위스키 45ml, 비터 3대쉬, 진저에일 풀업",빌드,브랜디,
홉 토드,"다크 럼 45ml, 애프리콧 브랜디 30ml, 라임즙 15ml, 앙고스투라 비터 2대쉬",쉐이킹,다크 럼,
화이트 드래곤,"테킬라 블랑코 53ml, 코앵트로 23ml, 레몬즙 23ml, 달걀 흰자 1개",쉐이킹,테킬라,
화이트 러시안,"보드카 15ml, 깔루아 15ml, 우유or크림 30ml",빌드,깔루아,
화이트 레이디,"진 60ml, 트리플섹 15ml, 레몬즙 30ml",쉐이킹,진,amateur_bartender_9x
히틀러의 불안,"화이트 럼 90ml, 라임즙 30ml, 크렘 드 카카오 화이트 15ml, 심플시럽 15ml",쉐이킹,럼,
A Spirits In The Dark,"라이 or 버번 or 블렌디드 위스키 60ml, 마라스키노 15ml, 크렘 드 카카오 15ml, 레몬즙 7.5ml, 비터 1대쉬, 쉐이킹 후 스파클링 와인 살짝 플로팅",쉐이킹,위스키,
ABC,"디사론노 15ml, 베일리스 15ml, 꼬냑 15ml",플로팅,,
Ace of spade,"라임즙 15ml, 레몬즙 15ml, 파인애플 주스 60ml, 화이트 럼 30ml, 멜론 리큐르 60ml, 오렌지 리큐르 30ml",쉐이킹,,데스티니 가디언즈 공식 레시피북
Affinity,"스카치 위스키 30ml, 드라이 베르뭇 30ml, 스윗 베르뭇 30ml, 앙고스투라 비터 2대쉬",스터,위스키,
Alabazam,"꼬냑 or 브랜디 45ml, 트리플 섹 15ml, 앙고스투라 비터 4대쉬, 레몬즙 7.5ml, 심플시럽 7.5ml",쉐이킹,꼬냑 or 브랜디,
Amber Load,"버번 or 라이 위스키 45ml, 캄파리 30ml, 레몬즙 15ml, 메이플 시럽 7.5ml, 쉐이킹 후 탄산수 60ml, 가니쉬 레몬휠",쉐이킹,혼합,
Applicious Quencher,"애플퍼커 30ml, 트리플섹 30ml, 그레나딘 시럽 1대쉬, 스프라이트 풀업",빌드,애플퍼커,
Aquadisiac,"화이트 럼 60ml, 블루 큐라소 15ml, 레몬즙 30ml, 오르쟈 시럽 15ml",쉐이킹,럼,
Army&Navy,"진 60ml, 레몬즙 30ml, 오르쟈 시럽 22.5ml, 앙고스투라 비터 2대쉬",쉐이킹,진,
Autumn Leaves,"버번 위스키 40ml, 베네딕틴 20ml, 레몬 껍질 1개",빌드,위스키,
B-52,"깔루아 7ml, 베일리스 15ml, 그랑 마르니엘 23ml, 151 소량(불이 붙도록 살짝 쌓아준다)",플로팅,,
B&B,"브랜디 30ml, 베네딕틴 30ml",플로팅,브랜디,
BeachComber(큰 파도),"화이트 럼 60ml, 트리플 섹 22.5ml, 마라스키노 15ml, 라임즙 15ml",쉐이킹,럼,
Bed of Rose,"예거마이스터 45ml, 레몬즙 30ml, 라임즙 15ml, 그레나딘 시럽 30ml",쉐이킹,예거마이스터,_mo__hobby
Bizzy Izzy,"라이 위스키 30ml, 드라이 셰리 와인 30ml, 파인애플 주스 30ml, 레몬즙 22.5ml, 심플시럽 22.5ml, 비터 1대쉬, 쉐이킹 후 탄산수 필업",쉐이킹,혼합,
Blackthorn,"슬로 진 60ml, 스윗베르뭇 30ml, 앙고스투라 비터 1대쉬, 가니쉬 레몬 필",스터,진,
Bosom Caresser,"브랜디 30ml, 오렌지 큐라소 15ml, 그레나딘 시럽 1티스푼, 계란 노른자 1개",쉐이킹,브랜디,
Chatham,"진 60ml, 체리 브랜디 15ml, 레몬즙 15ml",쉐이킹,진,
chrysanthemum(국화),"드라이 베르뭇 45ml, 베네딕틴 22.5ml, 압생트 2대쉬, 가니쉬 오렌지 필",스터,리큐르,
Cloudy Sky,"슬로 진 60ml, 라임즙 30ml, 진저비어 60ml",빌드,진,
Columba(콜룸바),"캄파리 60ml, 자몽소다 120ml",빌드,캄파리,
Cypriot 브랜디 사워,"브랜디 60ml, 앙고스투라 비터 1대쉬, 레몬 소다 120ml",빌드,브랜디,
Deauville,"브랜디 or 꼬냑 30ml, 애플 브랜디 30ml, 트리플 섹 30ml, 레몬즙 30ml",쉐이킹,브랜디,
Dr.Melfi's Medicine,"진 15ml, 캄파리 15ml, 스윗 베르뭇 15ml, 레몬즙 22.5ml, 심플시럽 15ml, 오렌지 웻지",쉐이킹,혼합,
El Floridita,"화이트 럼 45ml, 스윗 베르뭇 15ml, 라임즙 15ml, 크렘 드 카카오 7.5ml",쉐이킹,럼,
Feodora Cobbler,"럼 30ml, 꼬냑 22.5ml, 트리플섹 22.5ml, 탄산수 필업",빌드,혼합,amateur_bartender_9x
Fifth Avenue,"크렘 드 카카오 화이트 10ml, 애프리콧 브랜디 10ml, 크림 10ml",플로팅,,
Foghorn,"진 60ml, 라임즙 15ml, 진저비어 120ml, 가니쉬 라임 트위스트 or 휠 or 웻지",빌드,진,
Kretchma(크렛 치마),"보드카 60ml, 크렘 드 카카오 30ml, 레몬즙 22.5ml, 그레나딘 시럽 1바스푼",쉐이킹,보드카,
Mr. bodi hai,"럼 45ml, 커피 리큐르 7.5ml, 바나나 리큐르 7.5ml, 파인애플 주스 45ml, 레몬즙 22.5ml, 오르쟈 시럽 15ml, 앙고스투라 비터 1대쉬",쉐이킹,럼,
Nice(by Antibes),"진 60ml, 베네딕틴 30ml, 자몽주스 60ml, 쉐이킹 후 탄산수 필업",쉐이킹,진,
Old pal,"라이 위스키 30ml, 드라이 베르뭇 30ml, 캄파리 30ml, 오렌지 필(선택)",쉐이킹,위스키,
Otto's Grotto,"아이스 커피 150ml, 화이트 럼 45ml, 커피 리큐르 22.5ml, 바닐라 리큐르 22.5ml, 쉐이킹 후 휘핑크림 취향껏",쉐이킹,혼합,
P.S. I love you,"다크 럼 15ml, 아마레또 30ml, 베일리스 45ml, 깔루아 30ml, 우유 30ml",쉐이킹,다크 럼,
Pain in the ass,"멜론 리큐르 30ml, 151 15ml, 말리부 30ml, 애플퍼커 15ml, 파인애플 주스 60ml, 사이다 60ml(쉐이킹 후)",쉐이킹,오버프루프 럼,
Pan Am,"화이트 럼 45ml, 캄파리 15ml, 레몬즙 30ml, 오르쟈 시럽 15ml, 계란 흰자 1개, 드라이 쉐이킹 후 쉐이킹, 비터 4대쉬(비터 아트 만들기)",쉐이킹,럼,
Park avenue,"드라이 진 50ml, 파인애플 주스 25ml, 스윗 베르뭇 15ml, 블루 큐라소 1바스푼",쉐이킹,진,
Pompier(소방관),"드라이 베르뭇 90ml, 카시스 15ml, 탄산수 120ml",빌드,리큐르,
Presbyterian,"위스키 60ml, 진저에일 45ml, 탄산수 45ml",빌드,위스키,
Something Tropical,"다크 럼 60ml, 파인애플 주스 60ml, 설탕시럽 or 오르쟈 시럽 15ml, 라임즙 15ml, 피치 리큐르 7.5ml, 앙고스투라 비터 2대쉬, 레몬 슬라이스",쉐이킹,다크 럼,
Suburban,"라이 or 버번 or 블렌디드 위스키 45ml, 다크 럼 15ml, 포트와인 15ml, 앙고스투라 비터 1대쉬, 오렌지 비터 1대쉬",스터,혼합,
The Rug,"버번 위스키 30ml, 코코넛 크림 4티스푼, 커피 리큐르 4티스푼",스터,버번,
Tinto de Verano,"레드 와인 90ml, 레몬 소다 90ml",빌드,와인,
Toasted Almond,"아마레또 45ml, 커피 리큐르 45ml, 크림 or 우유 30ml",쉐이킹,리큐르,
Ward Eight,"라이 위스키 60ml, 레몬즙 15ml, 오렌지 주스 15ml, 그레나딘 시럽 2티스푼",쉐이킹,위스키,
White Witch,"오버프루프 럼 30ml, 오렌지 큐라소 15ml, 크렘 드 카카오 15ml, 라임즙 15ml, 쉐이킹 후 탄산수 90ml",쉐이킹,오버프루프 럼,
X썬라이즈,"X레이티드 60ml, 테킬라 블랑코 30ml, 오렌지 주스 60ml",쉐이킹,X레이티드,
X온더비치,"X레이티드 30ml, 피치트리 30ml, 파인애플 주스 30ml, 탄산수 60ml, 시럽 10ml",빌드,X레이티드,
XYZ,"화이트 럼 30ml, 코앵트로 15ml, 레몬즙 15ml",쉐이킹,럼,
Yena,"고지 리큐르 45ml, 캄파리 30ml, 카시스 30ml, 보드카 15ml, 아로마틱 비터 2대쉬, 체리 가니쉬",스터,혼합,주류갤러리 諏訪彩花
Young Man,"브랜디 45ml, 드라이 베르뭇 15ml, 오렌지 큐라소 2대쉬, 앙고스투라 비터 1대쉬",스터,브랜디,
Zoom,"꼬냑 or 브랜디 75ml, 크림 15ml, 우유 15ml, 꿀 2큰술, 가니쉬 초콜릿 파우더 or 조각",쉐이킹,꼬냑 or 브랜디,
오아시스 선라이즈,"테킬라 30ml, 럼 15ml, 말리부 15~30ml, 트리플 섹 15ml, 레몬즙 15ml, 그레나딘 시럽 15ml, 오렌지 주스 90~120ml",빌드 or 쉐이킹,혼합,칵테일 갤러리 별부르미
루비,"보드카 30~45ml, 크렌베리 주스 45ml, 복숭아에이드(GS25) 필업",스터,보드카,
브램블,"진 40ml, 레몬즙 15ml, 심플시럽 10ml, 쉐이킹 후 카시스 15ml",쉐이킹,진,
콥스리바이버 No.2,"진 22.5ml, 트리플 섹 22.5ml, 릴레블랑 22.5ml, 레몬즙 22.5ml, 압생트 2대쉬",스터,혼합,
사제락,"꼬냑 22.5ml, 라이 위스키 22.5ml, 심플시럽 10ml, 페이쇼드 비터 3대쉬, 앙고스투라 비터 1대쉬, 스터 후 압생트 코팅한 올패 글라스(얼음X)",스터(가니쉬 레몬필),혼합,
뷰카레,"라이 위스키 22.5ml, 꼬냑 22.5ml, 스윗 베르뭇 22.5ml, 베네딕틴 10ml, 페이쇼드 비터 2대쉬, 앙고스투라 비터 1대쉬, 가니쉬 레몬필",스터,혼합,
오후의 죽음,"압생트 45ml, 샴페인 풀업",빌드,압생트,
비치 워터,"보드카 37.5ml, 말리부 52.5ml, 블루 큐라소 22.5ml, 스프라이트 풀업",빌드,혼합,
버블검 베어,"플렌테이션 다크 럼 15ml, 버번 위스키 22.5ml, 피치트리 22.5ml, 그레나딘 시럽 7.5ml, 라임주스 7.5ml",쉐이킹,혼합,칵테일 갤러리 핑크빌런2
별이 빛나는 밤에,"헨드릭슨 진 30ml, 베네딕틴 15ml, 파르페아무르 15ml, 홍차 리큐르 7.5ml, 쉐이킹 후 토닉워터 45ml",쉐이킹,혼합,칵테일 갤러리 하루룬
베일리스 스트로베리 밀크,"딸기 8알, 얼음가득, 베일리스 30ml, 트리플섹 22.5ml, 보드카 30ml, 우유 필업 후 블렌딩",블렌딩,혼합,칵테일 갤러리 잉여로운방부제
스카이 블루,"보드카 45ml, 블루 큐라소 20ml, 트리플섹 20ml, 피치트리 30ml, 라임즙 15ml, 쉐이킹 후 와인글라스 크러쉬드 아이스 40%, 토닉워터 필업",쉐이킹,혼합,칵테일 갤러리 jellybyun94
노르망디 플라워,"깔바도스 60ml, 토닉워터 120ml, 생제르맹 15ml, 레몬즙 10ml, 가니쉬 오렌지 or 오렌지필",빌드,깔바도스,
블로우 잡,"커피 리큐르, 베일리스, 생크림을 샷 or 쉐리 글라스에 순서대로 플로팅",플로팅,리큐르,
버터스카치 화이트 러시안,"보드카 1, 깔루아 1, 버터스카치 리큐르 1, 크림 2 비율",빌드,혼합,
도쿄 아이스티2,"보드카 15ml, 진 15ml, 럼 15ml, 트리플섹 15ml, 레몬즙 20ml, 멜론 리큐르 15ml, 사이다 필업",빌드,혼합,
비키니 마티니2,"말리부 30 or 60ml, 보드카 30ml, 파인애플 주스 60ml, 쉐이킹 후 그레나딘 시럽 15ml",쉐이킹,혼합,
시칠리안 키스,"셔던 컴포트 30ml, 디사론노 30ml",빌드,리큐르,
들꽃,"잭다니엘 30ml, 피치트리 30ml, 크렘 드 바나나 30ml, 라임즙 30ml 스터 후 크러쉬드 아이스가 가득담긴 잔에 따라주기",스터,혼합,요사장TV 바밤바 시그니처
퀵 퍽,"깔루아 15ml, 베일리스 15ml, 미도리 15ml 순서대로 플로팅",플로팅,리큐르,